rohan,mumbai,0.84,0.0,0.7,1.54
abc,Adityapur,2.1,3.5,0.8500000000000001,6.449999999999999
a,Adityapur,32.55,-0.85,0.9500000000000001,32.65
